Event,Timestamp,Reaction Time,Word
New word shown,1690632412.7319734,,data structure
Button shown,1690632414.6150851,,
Button clicked,1690632415.4130461,0.7979609966278076,
New word shown,1690632415.838002,,public encryption ways to build a future
Button shown,1690632417.7335389,,
Button clicked,1690632418.1268268,0.39328789710998535,
New word shown,1690632418.4375508,,algorithm
Button shown,1690632423.081836,,
New word shown,1690632430.9292815,,memory
New word shown,1690632967.316124,,"debugging ""123123  """""
New word shown,1690632967.6613448,,CPU
New word shown,1690632967.9808939,,object-oriented programming
New word shown,1690632968.2727883,,cache
New word shown,1690632968.6748478,,compiler
New word shown,1690632968.995517,,networking
